CREATE DATABASE  IF NOT EXISTS `teachers` /*!40100 DEFAULT CHARACTER SET utf8mb4 COLLATE utf8mb4_0900_ai_ci */ /*!80016 DEFAULT ENCRYPTION='N' */;
USE `teachers`;
-- MySQL dump 10.13  Distrib 8.0.32, for Win64 (x86_64)
--
-- Host: localhost    Database: teachers
-- ------------------------------------------------------
-- Server version	8.0.32

/*!40101 SET @OLD_CHARACTER_SET_CLIENT=@@CHARACTER_SET_CLIENT */;
/*!40101 SET @OLD_CHARACTER_SET_RESULTS=@@CHARACTER_SET_RESULTS */;
/*!40101 SET @OLD_COLLATION_CONNECTION=@@COLLATION_CONNECTION */;
/*!50503 SET NAMES utf8 */;
/*!40103 SET @OLD_TIME_ZONE=@@TIME_ZONE */;
/*!40103 SET TIME_ZONE='+00:00' */;
/*!40014 SET @OLD_UNIQUE_CHECKS=@@UNIQUE_CHECKS, UNIQUE_CHECKS=0 */;
/*!40014 SET @OLD_FOREIGN_KEY_CHECKS=@@FOREIGN_KEY_CHECKS, FOREIGN_KEY_CHECKS=0 */;
/*!40101 SET @OLD_SQL_MODE=@@SQL_MODE, SQL_MODE='NO_AUTO_VALUE_ON_ZERO' */;
/*!40111 SET @OLD_SQL_NOTES=@@SQL_NOTES, SQL_NOTES=0 */;

--
-- Table structure for table `teacher_list`
--

DROP TABLE IF EXISTS `teacher_list`;
/*!40101 SET @saved_cs_client     = @@character_set_client */;
/*!50503 SET character_set_client = utf8mb4 */;
CREATE TABLE `teacher_list` (
  `teacher_id` int NOT NULL,
  `teacher_name` varchar(255) DEFAULT NULL,
  `department` varchar(255) DEFAULT NULL,
  `number_of_duties` int NOT NULL DEFAULT '0',
  PRIMARY KEY (`teacher_id`)
) ENGINE=InnoDB DEFAULT CHARSET=utf8mb4 COLLATE=utf8mb4_0900_ai_ci;
/*!40101 SET character_set_client = @saved_cs_client */;

--
-- Dumping data for table `teacher_list`
--

LOCK TABLES `teacher_list` WRITE;
/*!40000 ALTER TABLE `teacher_list` DISABLE KEYS */;
INSERT INTO `teacher_list` VALUES (1,'John Doe','Mathematics',0),(2,'Jane Smith','Physics',0),(3,'Bob Johnson','Chemistry',0),(4,'Alice Williams','CS',0),(5,'David Brown','Mathematics',0),(6,'Emily Davis','Physics',0),(7,'Michael Wilson','Chemistry',0),(8,'Sara Miller','English',0),(9,'Richard Taylor','Physics',0),(10,'Laura Harris','Mathematics',0),(11,'Daniel Martin','Chemistry',0),(12,'Grace Anderson','English',0),(13,'William Thomas','Mathematics',0),(14,'Olivia Jackson','Physics',0),(15,'Ethan White','Chemistry',0),(16,'Ava Martinez','English',0),(17,'Logan Lee','CS',0),(18,'Sophia Taylor','Physics',0),(19,'Jackson Miller','Chemistry',0),(20,'Lily Harris','English',0),(21,'Benjamin Scott','CS',0),(22,'Chloe Allen','Mathematics',0),(23,'Christopher Hall','Chemistry',0),(24,'Mia Turner','English',0),(25,'Elijah Young','Mathematics',0),(26,'Avery Adams','Physics',0),(27,'Addison Clark','CS',0),(28,'Mason Turner','English',0),(29,'Scarlett Walker','Physics',0),(30,'Lucas Lewis','Mathematics',0),(31,'Hannah Parker','CS',0),(32,'Gabriel Wright','English',0),(33,'Aria Foster','Physics',0),(34,'Leo Morris','CS',0),(35,'Zoe Cooper','CS',0);
/*!40000 ALTER TABLE `teacher_list` ENABLE KEYS */;
UNLOCK TABLES;
/*!40103 SET TIME_ZONE=@OLD_TIME_ZONE */;

/*!40101 SET SQL_MODE=@OLD_SQL_MODE */;
/*!40014 SET FOREIGN_KEY_CHECKS=@OLD_FOREIGN_KEY_CHECKS */;
/*!40014 SET UNIQUE_CHECKS=@OLD_UNIQUE_CHECKS */;
/*!40101 SET CHARACTER_SET_CLIENT=@OLD_CHARACTER_SET_CLIENT */;
/*!40101 SET CHARACTER_SET_RESULTS=@OLD_CHARACTER_SET_RESULTS */;
/*!40101 SET COLLATION_CONNECTION=@OLD_COLLATION_CONNECTION */;
/*!40111 SET SQL_NOTES=@OLD_SQL_NOTES */;

-- Dump completed on 2024-02-01  4:32:01
CREATE DATABASE  IF NOT EXISTS `room_data` /*!40100 DEFAULT CHARACTER SET utf8mb4 COLLATE utf8mb4_0900_ai_ci */ /*!80016 DEFAULT ENCRYPTION='N' */;
USE `room_data`;
-- MySQL dump 10.13  Distrib 8.0.32, for Win64 (x86_64)
--
-- Host: localhost    Database: room_data
-- ------------------------------------------------------
-- Server version	8.0.32

/*!40101 SET @OLD_CHARACTER_SET_CLIENT=@@CHARACTER_SET_CLIENT */;
/*!40101 SET @OLD_CHARACTER_SET_RESULTS=@@CHARACTER_SET_RESULTS */;
/*!40101 SET @OLD_COLLATION_CONNECTION=@@COLLATION_CONNECTION */;
/*!50503 SET NAMES utf8 */;
/*!40103 SET @OLD_TIME_ZONE=@@TIME_ZONE */;
/*!40103 SET TIME_ZONE='+00:00' */;
/*!40014 SET @OLD_UNIQUE_CHECKS=@@UNIQUE_CHECKS, UNIQUE_CHECKS=0 */;
/*!40014 SET @OLD_FOREIGN_KEY_CHECKS=@@FOREIGN_KEY_CHECKS, FOREIGN_KEY_CHECKS=0 */;
/*!40101 SET @OLD_SQL_MODE=@@SQL_MODE, SQL_MODE='NO_AUTO_VALUE_ON_ZERO' */;
/*!40111 SET @OLD_SQL_NOTES=@@SQL_NOTES, SQL_NOTES=0 */;

--
-- Table structure for table `room_class_specs`
--

DROP TABLE IF EXISTS `room_class_specs`;
/*!40101 SET @saved_cs_client     = @@character_set_client */;
/*!50503 SET character_set_client = utf8mb4 */;
CREATE TABLE `room_class_specs` (
  `room_class_id` int NOT NULL AUTO_INCREMENT,
  `room_class` varchar(255) NOT NULL,
  `seats` int NOT NULL,
  `columns` int NOT NULL,
  `rows` int NOT NULL,
  PRIMARY KEY (`room_class_id`),
  UNIQUE KEY `room_class_id_UNIQUE` (`room_class_id`)
) ENGINE=InnoDB AUTO_INCREMENT=5 DEFAULT CHARSET=utf8mb4 COLLATE=utf8mb4_0900_ai_ci;
/*!40101 SET character_set_client = @saved_cs_client */;

--
-- Dumping data for table `room_class_specs`
--

LOCK TABLES `room_class_specs` WRITE;
/*!40000 ALTER TABLE `room_class_specs` DISABLE KEYS */;
INSERT INTO `room_class_specs` VALUES (1,'Auditorium',180,6,15),(2,'Large Hall',60,3,10),(3,'Small Hall',30,3,5);
/*!40000 ALTER TABLE `room_class_specs` ENABLE KEYS */;
UNLOCK TABLES;

--
-- Table structure for table `rooms`
--

DROP TABLE IF EXISTS `rooms`;
/*!40101 SET @saved_cs_client     = @@character_set_client */;
/*!50503 SET character_set_client = utf8mb4 */;
CREATE TABLE `rooms` (
  `room_id` int NOT NULL,
  `room_name` varchar(255) NOT NULL,
  `room_class_id` int NOT NULL,
  PRIMARY KEY (`room_id`),
  UNIQUE KEY `room_id_UNIQUE` (`room_id`),
  UNIQUE KEY `room_name_UNIQUE` (`room_name`),
  KEY `RoomClassID_idx` (`room_class_id`),
  CONSTRAINT `RoomClassID` FOREIGN KEY (`room_class_id`) REFERENCES `room_class_specs` (`room_class_id`) ON DELETE RESTRICT ON UPDATE CASCADE
) ENGINE=InnoDB DEFAULT CHARSET=utf8mb4 COLLATE=utf8mb4_0900_ai_ci;
/*!40101 SET character_set_client = @saved_cs_client */;

--
-- Dumping data for table `rooms`
--

LOCK TABLES `rooms` WRITE;
/*!40000 ALTER TABLE `rooms` DISABLE KEYS */;
INSERT INTO `rooms` VALUES (1,'Auditorium',1),(2,'F21',2),(3,'F20',2),(4,'F10',2),(5,'G19',2),(6,'G01',3),(7,'G02',3),(8,'F01',3),(9,'F02',3),(10,'F03',3),(11,'F11',3),(12,'F15',3),(13,'F16',3),(14,'F17',3),(15,'S01',3),(16,'S02',3),(17,'S03',3),(18,'S04',3),(19,'S05',3),(20,'S16',3),(21,'S17',3);
/*!40000 ALTER TABLE `rooms` ENABLE KEYS */;
UNLOCK TABLES;
/*!40103 SET TIME_ZONE=@OLD_TIME_ZONE */;

/*!40101 SET SQL_MODE=@OLD_SQL_MODE */;
/*!40014 SET FOREIGN_KEY_CHECKS=@OLD_FOREIGN_KEY_CHECKS */;
/*!40014 SET UNIQUE_CHECKS=@OLD_UNIQUE_CHECKS */;
/*!40101 SET CHARACTER_SET_CLIENT=@OLD_CHARACTER_SET_CLIENT */;
/*!40101 SET CHARACTER_SET_RESULTS=@OLD_CHARACTER_SET_RESULTS */;
/*!40101 SET COLLATION_CONNECTION=@OLD_COLLATION_CONNECTION */;
/*!40111 SET SQL_NOTES=@OLD_SQL_NOTES */;

-- Dump completed on 2024-02-01  4:32:01
CREATE DATABASE  IF NOT EXISTS `test` /*!40100 DEFAULT CHARACTER SET utf8mb4 COLLATE utf8mb4_0900_ai_ci */ /*!80016 DEFAULT ENCRYPTION='N' */;
USE `test`;
-- MySQL dump 10.13  Distrib 8.0.32, for Win64 (x86_64)
--
-- Host: localhost    Database: test
-- ------------------------------------------------------
-- Server version	8.0.32

/*!40101 SET @OLD_CHARACTER_SET_CLIENT=@@CHARACTER_SET_CLIENT */;
/*!40101 SET @OLD_CHARACTER_SET_RESULTS=@@CHARACTER_SET_RESULTS */;
/*!40101 SET @OLD_COLLATION_CONNECTION=@@COLLATION_CONNECTION */;
/*!50503 SET NAMES utf8 */;
/*!40103 SET @OLD_TIME_ZONE=@@TIME_ZONE */;
/*!40103 SET TIME_ZONE='+00:00' */;
/*!40014 SET @OLD_UNIQUE_CHECKS=@@UNIQUE_CHECKS, UNIQUE_CHECKS=0 */;
/*!40014 SET @OLD_FOREIGN_KEY_CHECKS=@@FOREIGN_KEY_CHECKS, FOREIGN_KEY_CHECKS=0 */;
/*!40101 SET @OLD_SQL_MODE=@@SQL_MODE, SQL_MODE='NO_AUTO_VALUE_ON_ZERO' */;
/*!40111 SET @OLD_SQL_NOTES=@@SQL_NOTES, SQL_NOTES=0 */;

--
-- Table structure for table `prn_sub`
--

DROP TABLE IF EXISTS `prn_sub`;
/*!40101 SET @saved_cs_client     = @@character_set_client */;
/*!50503 SET character_set_client = utf8mb4 */;
CREATE TABLE `prn_sub` (
  `Sl_No` int NOT NULL AUTO_INCREMENT,
  `Eng M I` bigint DEFAULT NULL,
  `Eng M II` bigint DEFAULT NULL,
  `Economics` bigint DEFAULT NULL,
  `Physics` bigint DEFAULT NULL,
  `Maths` bigint DEFAULT NULL,
  `Chemistry` bigint DEFAULT NULL,
  `CS` bigint DEFAULT NULL,
  `BBA` bigint DEFAULT NULL,
  `FT` bigint DEFAULT NULL,
  `Coop` bigint DEFAULT NULL,
  `CA Aided` bigint DEFAULT NULL,
  `CA SF` bigint DEFAULT NULL,
  PRIMARY KEY (`Sl_No`),
  UNIQUE KEY `Sl_No_UNIQUE` (`Sl_No`)
) ENGINE=InnoDB AUTO_INCREMENT=77 DEFAULT CHARSET=utf8mb4 COLLATE=utf8mb4_0900_ai_ci;
/*!40101 SET character_set_client = @saved_cs_client */;

--
-- Dumping data for table `prn_sub`
--

LOCK TABLES `prn_sub` WRITE;
/*!40000 ALTER TABLE `prn_sub` DISABLE KEYS */;
INSERT INTO `prn_sub` VALUES (1,230021001138,230021004324,230021010661,230021030497,230021028001,230021023733,230021024383,230021070184,230021060751,230021057369,230021064159,230021055309),(2,230021001139,230021004325,230021010662,230021030498,230021028002,230021023734,230021024384,230021070185,230021060752,230021057370,230021064161,230021055310),(3,230021001140,230021004326,230021010663,230021030499,230021028003,230021023735,230021024385,230021070186,230021060753,230021057371,230021064162,230021055311),(4,230021001141,230021004327,230021010664,230021030500,230021028004,230021023736,230021024386,230021070187,230021060754,230021057372,230021064163,230021055312),(5,230021001142,230021004328,230021010665,230021030501,230021028006,230021023737,230021024387,230021070188,230021060755,230021057373,230021064164,230021055313),(6,230021001143,230021004329,230021010666,230021030502,230021028007,230021023738,230021024388,230021070189,230021060756,230021057374,230021064165,230021055314),(7,230021001144,230021004330,230021010667,230021030503,230021028008,230021023739,230021024389,230021070190,230021060757,230021057375,230021064166,230021055315),(8,230021001145,230021004331,230021010669,230021030505,230021028009,230021023740,230021024390,230021070191,230021060758,230021057376,230021064167,230021055316),(9,230021001146,230021004332,230021010670,230021030506,230021028010,230021023741,230021024391,230021070192,230021060759,230021057377,230021064168,230021055317),(10,230021001147,230021004333,230021010671,230021030507,230021028011,230021023742,230021024392,230021070193,230021060760,230021057378,230021064169,230021055318),(11,230021001148,230021004334,230021010672,230021030508,230021028012,230021023743,230021024393,230021070194,230021060761,230021057379,230021064170,230021055319),(12,230021001149,230021004335,230021010673,230021030509,230021028013,230021023744,230021024394,230021070195,230021060762,230021057380,230021064171,230021055320),(13,230021001150,230021004336,230021010674,230021030510,230021028015,230021023745,230021024395,230021070196,230021060763,230021057381,230021064172,230021055321),(14,230021001151,230021004337,230021010675,230021030511,230021028016,230021023746,230021024396,230021070197,230021060764,230021057382,230021064173,230021055322),(15,230021001152,230021004338,230021010676,230021030512,230021028017,230021023747,230021024397,230021070198,230021060765,230021057383,230021064174,230021055323),(16,230021001153,230021004339,230021010677,230021030513,230021028018,230021023748,230021024398,230021070199,230021060766,230021057384,230021064175,230021055324),(17,230021001154,230021004340,230021010678,230021030514,230021028019,230021023749,230021024399,230021070200,230021060767,230021057385,230021064176,230021055325),(18,230021001155,230021004341,230021010679,230021030515,230021028020,230021023750,230021024400,230021070201,230021060768,230021057386,230021064177,230021055326),(19,230021001156,230021004342,230021010680,230021030516,230021028021,230021023751,230021024401,230021070202,230021060769,230021057387,230021064178,230021055327),(20,230021001157,230021004343,230021010681,230021030517,230021028022,230021023752,230021024402,230021070203,230021060770,230021057388,230021064179,230021055328),(21,230021001158,230021004344,230021010682,230021030518,230021028023,230021023753,230021024403,230021070204,230021060771,230021057389,230021064180,230021055329),(22,230021001159,230021004345,230021010683,230021030519,230021028024,230021023754,230021024404,230021070205,230021060772,230021057390,230021064181,230021055330),(23,230021001160,230021004346,230021010684,230021030521,230021028025,230021023755,230021024405,230021070206,230021060773,230021057391,230021064182,230021055331),(24,230021001161,230021004347,230021010685,230021030522,230021028026,230021023756,230021024406,230021070207,230021060774,230021057392,230021064183,230021055332),(25,230021001162,230021004348,230021010686,230021030523,230021028027,230021023757,230021024407,230021070208,230021060775,230021057393,230021064184,230021055333),(26,230021001163,230021004349,230021010687,230021030524,NULL,NULL,230021024408,230021070209,230021060776,230021057394,230021064185,230021055334),(27,230021001164,230021004350,230021010688,230021030525,NULL,NULL,230021024409,230021070210,230021060777,230021057395,230021064186,230021055335),(28,230021001165,NULL,230021010689,230021030526,NULL,NULL,230021024410,230021070211,230021060778,230021057396,230021064187,230021055336),(29,230021001166,NULL,230021010690,230021030527,NULL,NULL,230021024411,230021070212,230021060779,230021057397,230021064188,230021055337),(30,230021001167,NULL,230021010691,230021030528,NULL,NULL,230021024412,230021070213,230021060780,230021057398,230021064189,230021055338),(31,230021001168,NULL,230021010692,NULL,NULL,NULL,NULL,230021070214,230021060781,230021057399,230021064190,230021055339),(32,230021001169,NULL,230021010693,NULL,NULL,NULL,NULL,230021070215,230021060782,230021057400,230021064191,230021055340),(33,230021001170,NULL,230021010694,NULL,NULL,NULL,NULL,230021070216,230021060783,230021057401,230021064192,230021055341),(34,230021001171,NULL,230021010695,NULL,NULL,NULL,NULL,230021070217,230021060784,230021057402,230021064193,230021055342),(35,230021001172,NULL,230021010696,NULL,NULL,NULL,NULL,230021070218,230021060785,230021057403,230021064194,230021055343),(36,230021001173,NULL,230021010697,NULL,NULL,NULL,NULL,230021070219,230021060786,230021057404,230021064195,230021055344),(37,230021001174,NULL,230021010698,NULL,NULL,NULL,NULL,230021070220,230021060787,230021057405,230021064196,230021055345),(38,230021001175,NULL,230021010699,NULL,NULL,NULL,NULL,230021070221,230021060788,230021057406,230021064197,230021055346),(39,230021001176,NULL,230021010700,NULL,NULL,NULL,NULL,230021070222,230021060789,230021057407,230021064198,230021055347),(40,230021001177,NULL,230021010701,NULL,NULL,NULL,NULL,230021070223,230021060790,230021057408,230021064199,230021055348),(41,230021001178,NULL,230021010702,NULL,NULL,NULL,NULL,230021070224,230021060791,230021057409,230021064200,230021055349),(42,230021001179,NULL,230021010703,NULL,NULL,NULL,NULL,230021070225,230021060792,230021057410,230021064201,230021055350),(43,230021001180,NULL,230021010704,NULL,NULL,NULL,NULL,230021070226,230021060793,230021057411,230021064202,230021055351),(44,230021001181,NULL,230021010705,NULL,NULL,NULL,NULL,230021070227,230021060794,230021057412,230021064203,230021055352),(45,230021001182,NULL,230021010706,NULL,NULL,NULL,NULL,230021070228,230021060795,230021057413,230021064204,230021055353),(46,230021001183,NULL,230021010707,NULL,NULL,NULL,NULL,230021070229,230021060796,230021057414,230021064205,230021055354),(47,230021001184,NULL,230021010708,NULL,NULL,NULL,NULL,230021070230,230021060797,230021057415,230021064206,230021055355),(48,NULL,NULL,230021010709,NULL,NULL,NULL,NULL,230021070231,230021060798,230021057416,230021064207,230021055356),(49,NULL,NULL,230021010710,NULL,NULL,NULL,NULL,230021070232,230021060799,230021057417,230021064208,230021055357),(50,NULL,NULL,230021010711,NULL,NULL,NULL,NULL,NULL,230021060800,NULL,230021064209,230021055358),(51,NULL,NULL,230021010712,NULL,NULL,NULL,NULL,NULL,230021060801,NULL,NULL,230021055359),(52,NULL,NULL,230021010713,NULL,NULL,NULL,NULL,NULL,230021060802,NULL,NULL,230021055360),(53,NULL,NULL,230021010714,NULL,NULL,NULL,NULL,NULL,230021060803,NULL,230021064160,NULL),(54,NULL,NULL,230021010715,NULL,NULL,NULL,NULL,NULL,230021060804,NULL,NULL,NULL),(55,NULL,NULL,230021010716,NULL,NULL,NULL,NULL,NULL,230021060805,NULL,NULL,NULL),(56,NULL,NULL,230021010717,NULL,NULL,NULL,NULL,NULL,230021060806,NULL,NULL,NULL),(57,NULL,NULL,230021010719,NULL,NULL,NULL,NULL,NULL,230021060807,NULL,NULL,NULL),(58,NULL,NULL,230021010720,NULL,NULL,NULL,NULL,NULL,230021060808,NULL,NULL,NULL),(59,NULL,NULL,230021010721,NULL,NULL,NULL,NULL,NULL,230021060809,NULL,NULL,NULL),(60,NULL,NULL,230021010722,NULL,NULL,NULL,NULL,NULL,230021060810,NULL,NULL,NULL),(61,NULL,NULL,NULL,NULL,NULL,NULL,NULL,NULL,230021060811,NULL,NULL,NULL),(62,NULL,NULL,NULL,NULL,NULL,NULL,NULL,NULL,230021060812,NULL,NULL,NULL),(63,NULL,NULL,230021010668,NULL,NULL,NULL,NULL,NULL,230021060813,NULL,NULL,NULL),(64,NULL,NULL,230021010718,NULL,NULL,NULL,NULL,NULL,230021060814,NULL,NULL,NULL);
/*!40000 ALTER TABLE `prn_sub` ENABLE KEYS */;
UNLOCK TABLES;
/*!40103 SET TIME_ZONE=@OLD_TIME_ZONE */;

/*!40101 SET SQL_MODE=@OLD_SQL_MODE */;
/*!40014 SET FOREIGN_KEY_CHECKS=@OLD_FOREIGN_KEY_CHECKS */;
/*!40014 SET UNIQUE_CHECKS=@OLD_UNIQUE_CHECKS */;
/*!40101 SET CHARACTER_SET_CLIENT=@OLD_CHARACTER_SET_CLIENT */;
/*!40101 SET CHARACTER_SET_RESULTS=@OLD_CHARACTER_SET_RESULTS */;
/*!40101 SET COLLATION_CONNECTION=@OLD_COLLATION_CONNECTION */;
/*!40111 SET SQL_NOTES=@OLD_SQL_NOTES */;

-- Dump completed on 2024-02-01  4:32:01
CREATE DATABASE  IF NOT EXISTS `students` /*!40100 DEFAULT CHARACTER SET utf8mb4 COLLATE utf8mb4_0900_ai_ci */ /*!80016 DEFAULT ENCRYPTION='N' */;
USE `students`;
-- MySQL dump 10.13  Distrib 8.0.32, for Win64 (x86_64)
--
-- Host: localhost    Database: students
-- ------------------------------------------------------
-- Server version	8.0.32

/*!40101 SET @OLD_CHARACTER_SET_CLIENT=@@CHARACTER_SET_CLIENT */;
/*!40101 SET @OLD_CHARACTER_SET_RESULTS=@@CHARACTER_SET_RESULTS */;
/*!40101 SET @OLD_COLLATION_CONNECTION=@@COLLATION_CONNECTION */;
/*!50503 SET NAMES utf8 */;
/*!40103 SET @OLD_TIME_ZONE=@@TIME_ZONE */;
/*!40103 SET TIME_ZONE='+00:00' */;
/*!40014 SET @OLD_UNIQUE_CHECKS=@@UNIQUE_CHECKS, UNIQUE_CHECKS=0 */;
/*!40014 SET @OLD_FOREIGN_KEY_CHECKS=@@FOREIGN_KEY_CHECKS, FOREIGN_KEY_CHECKS=0 */;
/*!40101 SET @OLD_SQL_MODE=@@SQL_MODE, SQL_MODE='NO_AUTO_VALUE_ON_ZERO' */;
/*!40111 SET @OLD_SQL_NOTES=@@SQL_NOTES, SQL_NOTES=0 */;

--
-- Table structure for table `bba`
--

DROP TABLE IF EXISTS `bba`;
/*!40101 SET @saved_cs_client     = @@character_set_client */;
/*!50503 SET character_set_client = utf8mb4 */;
CREATE TABLE `bba` (
  `sl_no` int NOT NULL AUTO_INCREMENT,
  `class_no` int DEFAULT NULL,
  `prn` bigint NOT NULL,
  `mame` varchar(255) DEFAULT NULL,
  PRIMARY KEY (`sl_no`),
  UNIQUE KEY `prn` (`prn`)
) ENGINE=InnoDB AUTO_INCREMENT=50 DEFAULT CHARSET=utf8mb4 COLLATE=utf8mb4_0900_ai_ci;
/*!40101 SET character_set_client = @saved_cs_client */;

--
-- Dumping data for table `bba`
--

LOCK TABLES `bba` WRITE;
/*!40000 ALTER TABLE `bba` DISABLE KEYS */;
INSERT INTO `bba` VALUES (1,NULL,230021070184,NULL),(2,NULL,230021070185,NULL),(3,NULL,230021070186,NULL),(4,NULL,230021070187,NULL),(5,NULL,230021070188,NULL),(6,NULL,230021070189,NULL),(7,NULL,230021070190,NULL),(8,NULL,230021070191,NULL),(9,NULL,230021070192,NULL),(10,NULL,230021070193,NULL),(11,NULL,230021070194,NULL),(12,NULL,230021070195,NULL),(13,NULL,230021070196,NULL),(14,NULL,230021070197,NULL),(15,NULL,230021070198,NULL),(16,NULL,230021070199,NULL),(17,NULL,230021070200,NULL),(18,NULL,230021070201,NULL),(19,NULL,230021070202,NULL),(20,NULL,230021070203,NULL),(21,NULL,230021070204,NULL),(22,NULL,230021070205,NULL),(23,NULL,230021070206,NULL),(24,NULL,230021070207,NULL),(25,NULL,230021070208,NULL),(26,NULL,230021070209,NULL),(27,NULL,230021070210,NULL),(28,NULL,230021070211,NULL),(29,NULL,230021070212,NULL),(30,NULL,230021070213,NULL),(31,NULL,230021070214,NULL),(32,NULL,230021070215,NULL),(33,NULL,230021070216,NULL),(34,NULL,230021070217,NULL),(35,NULL,230021070218,NULL),(36,NULL,230021070219,NULL),(37,NULL,230021070220,NULL),(38,NULL,230021070221,NULL),(39,NULL,230021070222,NULL),(40,NULL,230021070223,NULL),(41,NULL,230021070224,NULL),(42,NULL,230021070225,NULL),(43,NULL,230021070226,NULL),(44,NULL,230021070227,NULL),(45,NULL,230021070228,NULL),(46,NULL,230021070229,NULL),(47,NULL,230021070230,NULL),(48,NULL,230021070231,NULL),(49,NULL,230021070232,NULL);
/*!40000 ALTER TABLE `bba` ENABLE KEYS */;
UNLOCK TABLES;

--
-- Table structure for table `ca_aided`
--

DROP TABLE IF EXISTS `ca_aided`;
/*!40101 SET @saved_cs_client     = @@character_set_client */;
/*!50503 SET character_set_client = utf8mb4 */;
CREATE TABLE `ca_aided` (
  `sl_no` int NOT NULL AUTO_INCREMENT,
  `class_no` int DEFAULT NULL,
  `prn` bigint NOT NULL,
  `mame` varchar(255) DEFAULT NULL,
  PRIMARY KEY (`sl_no`),
  UNIQUE KEY `prn` (`prn`)
) ENGINE=InnoDB AUTO_INCREMENT=52 DEFAULT CHARSET=utf8mb4 COLLATE=utf8mb4_0900_ai_ci;
/*!40101 SET character_set_client = @saved_cs_client */;

--
-- Dumping data for table `ca_aided`
--

LOCK TABLES `ca_aided` WRITE;
/*!40000 ALTER TABLE `ca_aided` DISABLE KEYS */;
INSERT INTO `ca_aided` VALUES (1,NULL,230021064159,NULL),(2,NULL,230021064161,NULL),(3,NULL,230021064162,NULL),(4,NULL,230021064163,NULL),(5,NULL,230021064164,NULL),(6,NULL,230021064165,NULL),(7,NULL,230021064166,NULL),(8,NULL,230021064167,NULL),(9,NULL,230021064168,NULL),(10,NULL,230021064169,NULL),(11,NULL,230021064170,NULL),(12,NULL,230021064171,NULL),(13,NULL,230021064172,NULL),(14,NULL,230021064173,NULL),(15,NULL,230021064174,NULL),(16,NULL,230021064175,NULL),(17,NULL,230021064176,NULL),(18,NULL,230021064177,NULL),(19,NULL,230021064178,NULL),(20,NULL,230021064179,NULL),(21,NULL,230021064180,NULL),(22,NULL,230021064181,NULL),(23,NULL,230021064182,NULL),(24,NULL,230021064183,NULL),(25,NULL,230021064184,NULL),(26,NULL,230021064185,NULL),(27,NULL,230021064186,NULL),(28,NULL,230021064187,NULL),(29,NULL,230021064188,NULL),(30,NULL,230021064189,NULL),(31,NULL,230021064190,NULL),(32,NULL,230021064191,NULL),(33,NULL,230021064192,NULL),(34,NULL,230021064193,NULL),(35,NULL,230021064194,NULL),(36,NULL,230021064195,NULL),(37,NULL,230021064196,NULL),(38,NULL,230021064197,NULL),(39,NULL,230021064198,NULL),(40,NULL,230021064199,NULL),(41,NULL,230021064200,NULL),(42,NULL,230021064201,NULL),(43,NULL,230021064202,NULL),(44,NULL,230021064203,NULL),(45,NULL,230021064204,NULL),(46,NULL,230021064205,NULL),(47,NULL,230021064206,NULL),(48,NULL,230021064207,NULL),(49,NULL,230021064208,NULL),(50,NULL,230021064209,NULL),(51,NULL,230021064160,NULL);
/*!40000 ALTER TABLE `ca_aided` ENABLE KEYS */;
UNLOCK TABLES;

--
-- Table structure for table `ca_sf`
--

DROP TABLE IF EXISTS `ca_sf`;
/*!40101 SET @saved_cs_client     = @@character_set_client */;
/*!50503 SET character_set_client = utf8mb4 */;
CREATE TABLE `ca_sf` (
  `sl_no` int NOT NULL AUTO_INCREMENT,
  `class_no` int DEFAULT NULL,
  `prn` bigint NOT NULL,
  `mame` varchar(255) DEFAULT NULL,
  PRIMARY KEY (`sl_no`),
  UNIQUE KEY `prn` (`prn`)
) ENGINE=InnoDB AUTO_INCREMENT=53 DEFAULT CHARSET=utf8mb4 COLLATE=utf8mb4_0900_ai_ci;
/*!40101 SET character_set_client = @saved_cs_client */;

--
-- Dumping data for table `ca_sf`
--

LOCK TABLES `ca_sf` WRITE;
/*!40000 ALTER TABLE `ca_sf` DISABLE KEYS */;
INSERT INTO `ca_sf` VALUES (1,NULL,230021055309,NULL),(2,NULL,230021055310,NULL),(3,NULL,230021055311,NULL),(4,NULL,230021055312,NULL),(5,NULL,230021055313,NULL),(6,NULL,230021055314,NULL),(7,NULL,230021055315,NULL),(8,NULL,230021055316,NULL),(9,NULL,230021055317,NULL),(10,NULL,230021055318,NULL),(11,NULL,230021055319,NULL),(12,NULL,230021055320,NULL),(13,NULL,230021055321,NULL),(14,NULL,230021055322,NULL),(15,NULL,230021055323,NULL),(16,NULL,230021055324,NULL),(17,NULL,230021055325,NULL),(18,NULL,230021055326,NULL),(19,NULL,230021055327,NULL),(20,NULL,230021055328,NULL),(21,NULL,230021055329,NULL),(22,NULL,230021055330,NULL),(23,NULL,230021055331,NULL),(24,NULL,230021055332,NULL),(25,NULL,230021055333,NULL),(26,NULL,230021055334,NULL),(27,NULL,230021055335,NULL),(28,NULL,230021055336,NULL),(29,NULL,230021055337,NULL),(30,NULL,230021055338,NULL),(31,NULL,230021055339,NULL),(32,NULL,230021055340,NULL),(33,NULL,230021055341,NULL),(34,NULL,230021055342,NULL),(35,NULL,230021055343,NULL),(36,NULL,230021055344,NULL),(37,NULL,230021055345,NULL),(38,NULL,230021055346,NULL),(39,NULL,230021055347,NULL),(40,NULL,230021055348,NULL),(41,NULL,230021055349,NULL),(42,NULL,230021055350,NULL),(43,NULL,230021055351,NULL),(44,NULL,230021055352,NULL),(45,NULL,230021055353,NULL),(46,NULL,230021055354,NULL),(47,NULL,230021055355,NULL),(48,NULL,230021055356,NULL),(49,NULL,230021055357,NULL),(50,NULL,230021055358,NULL),(51,NULL,230021055359,NULL),(52,NULL,230021055360,NULL);
/*!40000 ALTER TABLE `ca_sf` ENABLE KEYS */;
UNLOCK TABLES;

--
-- Table structure for table `chemistry`
--

DROP TABLE IF EXISTS `chemistry`;
/*!40101 SET @saved_cs_client     = @@character_set_client */;
/*!50503 SET character_set_client = utf8mb4 */;
CREATE TABLE `chemistry` (
  `sl_no` int NOT NULL AUTO_INCREMENT,
  `class_no` int DEFAULT NULL,
  `prn` bigint NOT NULL,
  `mame` varchar(255) DEFAULT NULL,
  PRIMARY KEY (`sl_no`),
  UNIQUE KEY `prn` (`prn`)
) ENGINE=InnoDB AUTO_INCREMENT=26 DEFAULT CHARSET=utf8mb4 COLLATE=utf8mb4_0900_ai_ci;
/*!40101 SET character_set_client = @saved_cs_client */;

--
-- Dumping data for table `chemistry`
--

LOCK TABLES `chemistry` WRITE;
/*!40000 ALTER TABLE `chemistry` DISABLE KEYS */;
INSERT INTO `chemistry` VALUES (1,NULL,230021023733,NULL),(2,NULL,230021023734,NULL),(3,NULL,230021023735,NULL),(4,NULL,230021023736,NULL),(5,NULL,230021023737,NULL),(6,NULL,230021023738,NULL),(7,NULL,230021023739,NULL),(8,NULL,230021023740,NULL),(9,NULL,230021023741,NULL),(10,NULL,230021023742,NULL),(11,NULL,230021023743,NULL),(12,NULL,230021023744,NULL),(13,NULL,230021023745,NULL),(14,NULL,230021023746,NULL),(15,NULL,230021023747,NULL),(16,NULL,230021023748,NULL),(17,NULL,230021023749,NULL),(18,NULL,230021023750,NULL),(19,NULL,230021023751,NULL),(20,NULL,230021023752,NULL),(21,NULL,230021023753,NULL),(22,NULL,230021023754,NULL),(23,NULL,230021023755,NULL),(24,NULL,230021023756,NULL),(25,NULL,230021023757,NULL);
/*!40000 ALTER TABLE `chemistry` ENABLE KEYS */;
UNLOCK TABLES;

--
-- Table structure for table `coop`
--

DROP TABLE IF EXISTS `coop`;
/*!40101 SET @saved_cs_client     = @@character_set_client */;
/*!50503 SET character_set_client = utf8mb4 */;
CREATE TABLE `coop` (
  `sl_no` int NOT NULL AUTO_INCREMENT,
  `class_no` int DEFAULT NULL,
  `prn` bigint NOT NULL,
  `mame` varchar(255) DEFAULT NULL,
  PRIMARY KEY (`sl_no`),
  UNIQUE KEY `prn` (`prn`)
) ENGINE=InnoDB AUTO_INCREMENT=50 DEFAULT CHARSET=utf8mb4 COLLATE=utf8mb4_0900_ai_ci;
/*!40101 SET character_set_client = @saved_cs_client */;

--
-- Dumping data for table `coop`
--

LOCK TABLES `coop` WRITE;
/*!40000 ALTER TABLE `coop` DISABLE KEYS */;
INSERT INTO `coop` VALUES (1,NULL,230021057369,NULL),(2,NULL,230021057370,NULL),(3,NULL,230021057371,NULL),(4,NULL,230021057372,NULL),(5,NULL,230021057373,NULL),(6,NULL,230021057374,NULL),(7,NULL,230021057375,NULL),(8,NULL,230021057376,NULL),(9,NULL,230021057377,NULL),(10,NULL,230021057378,NULL),(11,NULL,230021057379,NULL),(12,NULL,230021057380,NULL),(13,NULL,230021057381,NULL),(14,NULL,230021057382,NULL),(15,NULL,230021057383,NULL),(16,NULL,230021057384,NULL),(17,NULL,230021057385,NULL),(18,NULL,230021057386,NULL),(19,NULL,230021057387,NULL),(20,NULL,230021057388,NULL),(21,NULL,230021057389,NULL),(22,NULL,230021057390,NULL),(23,NULL,230021057391,NULL),(24,NULL,230021057392,NULL),(25,NULL,230021057393,NULL),(26,NULL,230021057394,NULL),(27,NULL,230021057395,NULL),(28,NULL,230021057396,NULL),(29,NULL,230021057397,NULL),(30,NULL,230021057398,NULL),(31,NULL,230021057399,NULL),(32,NULL,230021057400,NULL),(33,NULL,230021057401,NULL),(34,NULL,230021057402,NULL),(35,NULL,230021057403,NULL),(36,NULL,230021057404,NULL),(37,NULL,230021057405,NULL),(38,NULL,230021057406,NULL),(39,NULL,230021057407,NULL),(40,NULL,230021057408,NULL),(41,NULL,230021057409,NULL),(42,NULL,230021057410,NULL),(43,NULL,230021057411,NULL),(44,NULL,230021057412,NULL),(45,NULL,230021057413,NULL),(46,NULL,230021057414,NULL),(47,NULL,230021057415,NULL),(48,NULL,230021057416,NULL),(49,NULL,230021057417,NULL);
/*!40000 ALTER TABLE `coop` ENABLE KEYS */;
UNLOCK TABLES;

--
-- Table structure for table `cs`
--

DROP TABLE IF EXISTS `cs`;
/*!40101 SET @saved_cs_client     = @@character_set_client */;
/*!50503 SET character_set_client = utf8mb4 */;
CREATE TABLE `cs` (
  `sl_no` int NOT NULL AUTO_INCREMENT,
  `class_no` int DEFAULT NULL,
  `prn` bigint NOT NULL,
  `mame` varchar(255) DEFAULT NULL,
  PRIMARY KEY (`sl_no`),
  UNIQUE KEY `prn` (`prn`)
) ENGINE=InnoDB AUTO_INCREMENT=31 DEFAULT CHARSET=utf8mb4 COLLATE=utf8mb4_0900_ai_ci;
/*!40101 SET character_set_client = @saved_cs_client */;

--
-- Dumping data for table `cs`
--

LOCK TABLES `cs` WRITE;
/*!40000 ALTER TABLE `cs` DISABLE KEYS */;
INSERT INTO `cs` VALUES (1,NULL,230021024383,NULL),(2,NULL,230021024384,NULL),(3,NULL,230021024385,NULL),(4,NULL,230021024386,NULL),(5,NULL,230021024387,NULL),(6,NULL,230021024388,NULL),(7,NULL,230021024389,NULL),(8,NULL,230021024390,NULL),(9,NULL,230021024391,NULL),(10,NULL,230021024392,NULL),(11,NULL,230021024393,NULL),(12,NULL,230021024394,NULL),(13,NULL,230021024395,NULL),(14,NULL,230021024396,NULL),(15,NULL,230021024397,NULL),(16,NULL,230021024398,NULL),(17,NULL,230021024399,NULL),(18,NULL,230021024400,NULL),(19,NULL,230021024401,NULL),(20,NULL,230021024402,NULL),(21,NULL,230021024403,NULL),(22,NULL,230021024404,NULL),(23,NULL,230021024405,NULL),(24,NULL,230021024406,NULL),(25,NULL,230021024407,NULL),(26,NULL,230021024408,NULL),(27,NULL,230021024409,NULL),(28,NULL,230021024410,NULL),(29,NULL,230021024411,NULL),(30,NULL,230021024412,NULL);
/*!40000 ALTER TABLE `cs` ENABLE KEYS */;
UNLOCK TABLES;

--
-- Table structure for table `economics`
--

DROP TABLE IF EXISTS `economics`;
/*!40101 SET @saved_cs_client     = @@character_set_client */;
/*!50503 SET character_set_client = utf8mb4 */;
CREATE TABLE `economics` (
  `sl_no` int NOT NULL AUTO_INCREMENT,
  `class_no` int DEFAULT NULL,
  `prn` bigint NOT NULL,
  `mame` varchar(255) DEFAULT NULL,
  PRIMARY KEY (`sl_no`),
  UNIQUE KEY `prn` (`prn`)
) ENGINE=InnoDB AUTO_INCREMENT=63 DEFAULT CHARSET=utf8mb4 COLLATE=utf8mb4_0900_ai_ci;
/*!40101 SET character_set_client = @saved_cs_client */;

--
-- Dumping data for table `economics`
--

LOCK TABLES `economics` WRITE;
/*!40000 ALTER TABLE `economics` DISABLE KEYS */;
INSERT INTO `economics` VALUES (1,NULL,230021010661,NULL),(2,NULL,230021010662,NULL),(3,NULL,230021010663,NULL),(4,NULL,230021010664,NULL),(5,NULL,230021010665,NULL),(6,NULL,230021010666,NULL),(7,NULL,230021010667,NULL),(8,NULL,230021010669,NULL),(9,NULL,230021010670,NULL),(10,NULL,230021010671,NULL),(11,NULL,230021010672,NULL),(12,NULL,230021010673,NULL),(13,NULL,230021010674,NULL),(14,NULL,230021010675,NULL),(15,NULL,230021010676,NULL),(16,NULL,230021010677,NULL),(17,NULL,230021010678,NULL),(18,NULL,230021010679,NULL),(19,NULL,230021010680,NULL),(20,NULL,230021010681,NULL),(21,NULL,230021010682,NULL),(22,NULL,230021010683,NULL),(23,NULL,230021010684,NULL),(24,NULL,230021010685,NULL),(25,NULL,230021010686,NULL),(26,NULL,230021010687,NULL),(27,NULL,230021010688,NULL),(28,NULL,230021010689,NULL),(29,NULL,230021010690,NULL),(30,NULL,230021010691,NULL),(31,NULL,230021010692,NULL),(32,NULL,230021010693,NULL),(33,NULL,230021010694,NULL),(34,NULL,230021010695,NULL),(35,NULL,230021010696,NULL),(36,NULL,230021010697,NULL),(37,NULL,230021010698,NULL),(38,NULL,230021010699,NULL),(39,NULL,230021010700,NULL),(40,NULL,230021010701,NULL),(41,NULL,230021010702,NULL),(42,NULL,230021010703,NULL),(43,NULL,230021010704,NULL),(44,NULL,230021010705,NULL),(45,NULL,230021010706,NULL),(46,NULL,230021010707,NULL),(47,NULL,230021010708,NULL),(48,NULL,230021010709,NULL),(49,NULL,230021010710,NULL),(50,NULL,230021010711,NULL),(51,NULL,230021010712,NULL),(52,NULL,230021010713,NULL),(53,NULL,230021010714,NULL),(54,NULL,230021010715,NULL),(55,NULL,230021010716,NULL),(56,NULL,230021010717,NULL),(57,NULL,230021010719,NULL),(58,NULL,230021010720,NULL),(59,NULL,230021010721,NULL),(60,NULL,230021010722,NULL),(61,NULL,230021010668,NULL),(62,NULL,230021010718,NULL);
/*!40000 ALTER TABLE `economics` ENABLE KEYS */;
UNLOCK TABLES;

--
-- Table structure for table `eng_m_i`
--

DROP TABLE IF EXISTS `eng_m_i`;
/*!40101 SET @saved_cs_client     = @@character_set_client */;
/*!50503 SET character_set_client = utf8mb4 */;
CREATE TABLE `eng_m_i` (
  `sl_no` int NOT NULL AUTO_INCREMENT,
  `class_no` int DEFAULT NULL,
  `prn` bigint NOT NULL,
  `mame` varchar(255) DEFAULT NULL,
  PRIMARY KEY (`sl_no`),
  UNIQUE KEY `prn` (`prn`)
) ENGINE=InnoDB AUTO_INCREMENT=48 DEFAULT CHARSET=utf8mb4 COLLATE=utf8mb4_0900_ai_ci;
/*!40101 SET character_set_client = @saved_cs_client */;

--
-- Dumping data for table `eng_m_i`
--

LOCK TABLES `eng_m_i` WRITE;
/*!40000 ALTER TABLE `eng_m_i` DISABLE KEYS */;
INSERT INTO `eng_m_i` VALUES (1,NULL,230021001138,NULL),(2,NULL,230021001139,NULL),(3,NULL,230021001140,NULL),(4,NULL,230021001141,NULL),(5,NULL,230021001142,NULL),(6,NULL,230021001143,NULL),(7,NULL,230021001144,NULL),(8,NULL,230021001145,NULL),(9,NULL,230021001146,NULL),(10,NULL,230021001147,NULL),(11,NULL,230021001148,NULL),(12,NULL,230021001149,NULL),(13,NULL,230021001150,NULL),(14,NULL,230021001151,NULL),(15,NULL,230021001152,NULL),(16,NULL,230021001153,NULL),(17,NULL,230021001154,NULL),(18,NULL,230021001155,NULL),(19,NULL,230021001156,NULL),(20,NULL,230021001157,NULL),(21,NULL,230021001158,NULL),(22,NULL,230021001159,NULL),(23,NULL,230021001160,NULL),(24,NULL,230021001161,NULL),(25,NULL,230021001162,NULL),(26,NULL,230021001163,NULL),(27,NULL,230021001164,NULL),(28,NULL,230021001165,NULL),(29,NULL,230021001166,NULL),(30,NULL,230021001167,NULL),(31,NULL,230021001168,NULL),(32,NULL,230021001169,NULL),(33,NULL,230021001170,NULL),(34,NULL,230021001171,NULL),(35,NULL,230021001172,NULL),(36,NULL,230021001173,NULL),(37,NULL,230021001174,NULL),(38,NULL,230021001175,NULL),(39,NULL,230021001176,NULL),(40,NULL,230021001177,NULL),(41,NULL,230021001178,NULL),(42,NULL,230021001179,NULL),(43,NULL,230021001180,NULL),(44,NULL,230021001181,NULL),(45,NULL,230021001182,NULL),(46,NULL,230021001183,NULL),(47,NULL,230021001184,NULL);
/*!40000 ALTER TABLE `eng_m_i` ENABLE KEYS */;
UNLOCK TABLES;

--
-- Table structure for table `eng_m_ii`
--

DROP TABLE IF EXISTS `eng_m_ii`;
/*!40101 SET @saved_cs_client     = @@character_set_client */;
/*!50503 SET character_set_client = utf8mb4 */;
CREATE TABLE `eng_m_ii` (
  `sl_no` int NOT NULL AUTO_INCREMENT,
  `class_no` int DEFAULT NULL,
  `prn` bigint NOT NULL,
  `mame` varchar(255) DEFAULT NULL,
  PRIMARY KEY (`sl_no`),
  UNIQUE KEY `prn` (`prn`)
) ENGINE=InnoDB AUTO_INCREMENT=28 DEFAULT CHARSET=utf8mb4 COLLATE=utf8mb4_0900_ai_ci;
/*!40101 SET character_set_client = @saved_cs_client */;

--
-- Dumping data for table `eng_m_ii`
--

LOCK TABLES `eng_m_ii` WRITE;
/*!40000 ALTER TABLE `eng_m_ii` DISABLE KEYS */;
INSERT INTO `eng_m_ii` VALUES (1,NULL,230021004324,NULL),(2,NULL,230021004325,NULL),(3,NULL,230021004326,NULL),(4,NULL,230021004327,NULL),(5,NULL,230021004328,NULL),(6,NULL,230021004329,NULL),(7,NULL,230021004330,NULL),(8,NULL,230021004331,NULL),(9,NULL,230021004332,NULL),(10,NULL,230021004333,NULL),(11,NULL,230021004334,NULL),(12,NULL,230021004335,NULL),(13,NULL,230021004336,NULL),(14,NULL,230021004337,NULL),(15,NULL,230021004338,NULL),(16,NULL,230021004339,NULL),(17,NULL,230021004340,NULL),(18,NULL,230021004341,NULL),(19,NULL,230021004342,NULL),(20,NULL,230021004343,NULL),(21,NULL,230021004344,NULL),(22,NULL,230021004345,NULL),(23,NULL,230021004346,NULL),(24,NULL,230021004347,NULL),(25,NULL,230021004348,NULL),(26,NULL,230021004349,NULL),(27,NULL,230021004350,NULL);
/*!40000 ALTER TABLE `eng_m_ii` ENABLE KEYS */;
UNLOCK TABLES;

--
-- Table structure for table `ft`
--

DROP TABLE IF EXISTS `ft`;
/*!40101 SET @saved_cs_client     = @@character_set_client */;
/*!50503 SET character_set_client = utf8mb4 */;
CREATE TABLE `ft` (
  `sl_no` int NOT NULL AUTO_INCREMENT,
  `class_no` int DEFAULT NULL,
  `prn` bigint NOT NULL,
  `mame` varchar(255) DEFAULT NULL,
  PRIMARY KEY (`sl_no`),
  UNIQUE KEY `prn` (`prn`)
) ENGINE=InnoDB AUTO_INCREMENT=65 DEFAULT CHARSET=utf8mb4 COLLATE=utf8mb4_0900_ai_ci;
/*!40101 SET character_set_client = @saved_cs_client */;

--
-- Dumping data for table `ft`
--

LOCK TABLES `ft` WRITE;
/*!40000 ALTER TABLE `ft` DISABLE KEYS */;
INSERT INTO `ft` VALUES (1,NULL,230021060751,NULL),(2,NULL,230021060752,NULL),(3,NULL,230021060753,NULL),(4,NULL,230021060754,NULL),(5,NULL,230021060755,NULL),(6,NULL,230021060756,NULL),(7,NULL,230021060757,NULL),(8,NULL,230021060758,NULL),(9,NULL,230021060759,NULL),(10,NULL,230021060760,NULL),(11,NULL,230021060761,NULL),(12,NULL,230021060762,NULL),(13,NULL,230021060763,NULL),(14,NULL,230021060764,NULL),(15,NULL,230021060765,NULL),(16,NULL,230021060766,NULL),(17,NULL,230021060767,NULL),(18,NULL,230021060768,NULL),(19,NULL,230021060769,NULL),(20,NULL,230021060770,NULL),(21,NULL,230021060771,NULL),(22,NULL,230021060772,NULL),(23,NULL,230021060773,NULL),(24,NULL,230021060774,NULL),(25,NULL,230021060775,NULL),(26,NULL,230021060776,NULL),(27,NULL,230021060777,NULL),(28,NULL,230021060778,NULL),(29,NULL,230021060779,NULL),(30,NULL,230021060780,NULL),(31,NULL,230021060781,NULL),(32,NULL,230021060782,NULL),(33,NULL,230021060783,NULL),(34,NULL,230021060784,NULL),(35,NULL,230021060785,NULL),(36,NULL,230021060786,NULL),(37,NULL,230021060787,NULL),(38,NULL,230021060788,NULL),(39,NULL,230021060789,NULL),(40,NULL,230021060790,NULL),(41,NULL,230021060791,NULL),(42,NULL,230021060792,NULL),(43,NULL,230021060793,NULL),(44,NULL,230021060794,NULL),(45,NULL,230021060795,NULL),(46,NULL,230021060796,NULL),(47,NULL,230021060797,NULL),(48,NULL,230021060798,NULL),(49,NULL,230021060799,NULL),(50,NULL,230021060800,NULL),(51,NULL,230021060801,NULL),(52,NULL,230021060802,NULL),(53,NULL,230021060803,NULL),(54,NULL,230021060804,NULL),(55,NULL,230021060805,NULL),(56,NULL,230021060806,NULL),(57,NULL,230021060807,NULL),(58,NULL,230021060808,NULL),(59,NULL,230021060809,NULL),(60,NULL,230021060810,NULL),(61,NULL,230021060811,NULL),(62,NULL,230021060812,NULL),(63,NULL,230021060813,NULL),(64,NULL,230021060814,NULL);
/*!40000 ALTER TABLE `ft` ENABLE KEYS */;
UNLOCK TABLES;

--
-- Table structure for table `maths`
--

DROP TABLE IF EXISTS `maths`;
/*!40101 SET @saved_cs_client     = @@character_set_client */;
/*!50503 SET character_set_client = utf8mb4 */;
CREATE TABLE `maths` (
  `sl_no` int NOT NULL AUTO_INCREMENT,
  `class_no` int DEFAULT NULL,
  `prn` bigint NOT NULL,
  `mame` varchar(255) DEFAULT NULL,
  PRIMARY KEY (`sl_no`),
  UNIQUE KEY `prn` (`prn`)
) ENGINE=InnoDB AUTO_INCREMENT=26 DEFAULT CHARSET=utf8mb4 COLLATE=utf8mb4_0900_ai_ci;
/*!40101 SET character_set_client = @saved_cs_client */;

--
-- Dumping data for table `maths`
--

LOCK TABLES `maths` WRITE;
/*!40000 ALTER TABLE `maths` DISABLE KEYS */;
INSERT INTO `maths` VALUES (1,NULL,230021028001,NULL),(2,NULL,230021028002,NULL),(3,NULL,230021028003,NULL),(4,NULL,230021028004,NULL),(5,NULL,230021028006,NULL),(6,NULL,230021028007,NULL),(7,NULL,230021028008,NULL),(8,NULL,230021028009,NULL),(9,NULL,230021028010,NULL),(10,NULL,230021028011,NULL),(11,NULL,230021028012,NULL),(12,NULL,230021028013,NULL),(13,NULL,230021028015,NULL),(14,NULL,230021028016,NULL),(15,NULL,230021028017,NULL),(16,NULL,230021028018,NULL),(17,NULL,230021028019,NULL),(18,NULL,230021028020,NULL),(19,NULL,230021028021,NULL),(20,NULL,230021028022,NULL),(21,NULL,230021028023,NULL),(22,NULL,230021028024,NULL),(23,NULL,230021028025,NULL),(24,NULL,230021028026,NULL),(25,NULL,230021028027,NULL);
/*!40000 ALTER TABLE `maths` ENABLE KEYS */;
UNLOCK TABLES;

--
-- Table structure for table `physics`
--

DROP TABLE IF EXISTS `physics`;
/*!40101 SET @saved_cs_client     = @@character_set_client */;
/*!50503 SET character_set_client = utf8mb4 */;
CREATE TABLE `physics` (
  `sl_no` int NOT NULL AUTO_INCREMENT,
  `class_no` int DEFAULT NULL,
  `prn` bigint NOT NULL,
  `mame` varchar(255) DEFAULT NULL,
  PRIMARY KEY (`sl_no`),
  UNIQUE KEY `prn` (`prn`)
) ENGINE=InnoDB AUTO_INCREMENT=31 DEFAULT CHARSET=utf8mb4 COLLATE=utf8mb4_0900_ai_ci;
/*!40101 SET character_set_client = @saved_cs_client */;

--
-- Dumping data for table `physics`
--

LOCK TABLES `physics` WRITE;
/*!40000 ALTER TABLE `physics` DISABLE KEYS */;
INSERT INTO `physics` VALUES (1,NULL,230021030497,NULL),(2,NULL,230021030498,NULL),(3,NULL,230021030499,NULL),(4,NULL,230021030500,NULL),(5,NULL,230021030501,NULL),(6,NULL,230021030502,NULL),(7,NULL,230021030503,NULL),(8,NULL,230021030505,NULL),(9,NULL,230021030506,NULL),(10,NULL,230021030507,NULL),(11,NULL,230021030508,NULL),(12,NULL,230021030509,NULL),(13,NULL,230021030510,NULL),(14,NULL,230021030511,NULL),(15,NULL,230021030512,NULL),(16,NULL,230021030513,NULL),(17,NULL,230021030514,NULL),(18,NULL,230021030515,NULL),(19,NULL,230021030516,NULL),(20,NULL,230021030517,NULL),(21,NULL,230021030518,NULL),(22,NULL,230021030519,NULL),(23,NULL,230021030521,NULL),(24,NULL,230021030522,NULL),(25,NULL,230021030523,NULL),(26,NULL,230021030524,NULL),(27,NULL,230021030525,NULL),(28,NULL,230021030526,NULL),(29,NULL,230021030527,NULL),(30,NULL,230021030528,NULL);
/*!40000 ALTER TABLE `physics` ENABLE KEYS */;
UNLOCK TABLES;
/*!40103 SET TIME_ZONE=@OLD_TIME_ZONE */;

/*!40101 SET SQL_MODE=@OLD_SQL_MODE */;
/*!40014 SET FOREIGN_KEY_CHECKS=@OLD_FOREIGN_KEY_CHECKS */;
/*!40014 SET UNIQUE_CHECKS=@OLD_UNIQUE_CHECKS */;
/*!40101 SET CHARACTER_SET_CLIENT=@OLD_CHARACTER_SET_CLIENT */;
/*!40101 SET CHARACTER_SET_RESULTS=@OLD_CHARACTER_SET_RESULTS */;
/*!40101 SET COLLATION_CONNECTION=@OLD_COLLATION_CONNECTION */;
/*!40111 SET SQL_NOTES=@OLD_SQL_NOTES */;

-- Dump completed on 2024-02-01  4:32:01
